mode,impl,cpu_time_sec,gpu_time_sec,speedup,l2_norm_diff,cpu_mem_mb,gpu_mem_mb,matrix_size,matrix_A_size,matrix_B_size,nnz_A,nnz_B
spmv,gpu,0.0036449432373046875,0.00013589859008789062,26.821052631578947,5.786953e-06,287.765625,0.0,1000,0,0,10000,0
spmv,gpu,0.014353513717651367,0.0001361370086669922,105.43432574430823,1.9749925e-05,288.89453125,0.0,2000,0,0,40000,0
spmv,gpu,0.0819845199584961,0.0001323223114013672,619.5819819819819,0.000102315746,290.87890625,0.0,5000,0,0,250000,0
spmv,gpu,0.32626843452453613,0.0001380443572998047,2363.5043177892917,0.0003848711,303.48828125,0.0,10000,0,0,1000000,0
spgemm,gpu,0.0007655620574951172,0.00035834312438964844,2.136393878908849,3.5104807e-07,305.140625,0.0,0,1000,1000,10000,10000
spgemm,gpu,0.004584312438964844,0.0005884170532226562,7.790923824959481,2.2908362e-06,336.69140625,0.0,0,2000,2000,40000,40000
spgemm,gpu,0.10103726387023926,0.0026073455810546875,38.75100585223117,1.949335e-05,647.2421875,0.0,0,5000,5000,250000,250000
